basin,melt_season,granule,region,xatc_total,nphot_total
B-C,2018-19,ATL03_20181101213926_05230110_006_02.h5,ANT_1000_East_B-C.geojson,3753590.699,13739553
B-C,2018-19,ATL03_20181102102712_05310112_006_02.h5,ANT_1000_East_B-C.geojson,2671733.267,38564340
B-C,2018-19,ATL03_20181103100133_05460112_006_02.h5,ANT_1000_East_B-C.geojson,781743.413,28334797
B-C,2018-19,ATL03_20181106101859_05920112_006_02.h5,ANT_1000_East_B-C.geojson,2265595.11,37271644
B-C,2018-19,ATL03_20181106210537_05990110_006_02.h5,ANT_1000_East_B-C.geojson,1083310.147,1629751
B-C,2018-19,ATL03_20181107095318_06070112_006_02.h5,ANT_1000_East_B-C.geojson,1427078.525,40315128
B-C,2018-19,ATL03_20181109212258_06450110_006_02.h5,ANT_1000_East_B-C.geojson,2896879.471,19723390
B-C,2018-19,ATL03_20181110101041_06530112_006_02.h5,ANT_1000_East_B-C.geojson,2615284.746,47418675
B-C,2018-19,ATL03_20181110205719_06600110_006_02.h5,ANT_1000_East_B-C.geojson,2212335.851,16889975
B-C,2018-19,ATL03_20181111094502_06680112_006_02.h5,ANT_1000_East_B-C.geojson,1831080.369,50005322
B-C,2018-19,ATL03_20181113211437_07060110_006_02.h5,ANT_1000_East_B-C.geojson,1623912.69,3384330
B-C,2018-19,ATL03_20181114100220_07140112_006_02.h5,ANT_1000_East_B-C.geojson,1669685.197,30607448
B-C,2018-19,ATL03_20181114204857_07210110_006_02.h5,ANT_1000_East_B-C.geojson,2855759.929,24772581
B-C,2018-19,ATL03_20181115093639_07290112_006_02.h5,ANT_1000_East_B-C.geojson,2198339.993,59682063
B-C,2018-19,ATL03_20181118095353_07750112_006_02.h5,ANT_1000_East_B-C.geojson,1181714.011,18650428
B-C,2018-19,ATL03_20181118204030_07820110_006_02.h5,ANT_1000_East_B-C.geojson,3078857.082,17884915
B-C,2018-19,ATL03_20181119092815_07900112_006_02.h5,ANT_1000_East_B-C.geojson,2527672.3,51653319
B-C,2018-19,ATL03_20181122094530_08360112_006_02.h5,ANT_1000_East_B-C.geojson,927574.243,16422329
B-C,2018-19,ATL03_20181122203207_08430110_006_02.h5,ANT_1000_East_B-C.geojson,2824303.1,22274042
B-C,2018-19,ATL03_20181123091949_08510112_006_02.h5,ANT_1000_East_B-C.geojson,2883587.643,60239689
B-C,2018-19,ATL03_20181126093704_08970112_006_02.h5,ANT_1000_East_B-C.geojson,380491.611,4110917
B-C,2018-19,ATL03_20181126202341_09040110_006_02.h5,ANT_1000_East_B-C.geojson,3546373.443,10646962
B-C,2018-19,ATL03_20181127091124_09120112_006_02.h5,ANT_1000_East_B-C.geojson,3102398.241,44303143
B-C,2018-19,ATL03_20181130201522_09650110_006_02.h5,ANT_1000_East_B-C.geojson,3784009.169,19888975
B-C,2018-19,ATL03_20181201090306_09730112_006_02.h5,ANT_1000_East_B-C.geojson,2970360.164,39913918
B-C,2018-19,ATL03_20181202083727_09880112_006_02.h5,ANT_1000_East_B-C.geojson,504226.859,13701353
B-C,2018-19,ATL03_20181204200704_10260110_006_02.h5,ANT_1000_East_B-C.geojson,3759358.794,31883644
B-C,2018-19,ATL03_20181205085447_10340112_006_02.h5,ANT_1000_East_B-C.geojson,2218828.0,49032047
B-C,2018-19,ATL03_20181206082908_10490112_006_02.h5,ANT_1000_East_B-C.geojson,1140066.804,57296183
B-C,2018-19,ATL03_20181208195844_10870110_006_02.h5,ANT_1000_East_B-C.geojson,3281346.607,24653143
B-C,2018-19,ATL03_20181209193305_11020110_006_02.h5,ANT_1000_East_B-C.geojson,2081296.495,15130247
B-C,2018-19,ATL03_20181210082048_11100112_006_02.h5,ANT_1000_East_B-C.geojson,1718607.318,72859757
B-C,2018-19,ATL03_20181212195024_11480110_006_02.h5,ANT_1000_East_B-C.geojson,2574195.495,9561409
B-C,2018-19,ATL03_20181213083807_11560112_006_02.h5,ANT_1000_East_B-C.geojson,2015893.439,36543943
B-C,2018-19,ATL03_20181213192444_11630110_006_02.h5,ANT_1000_East_B-C.geojson,2695038.072,23283408
B-C,2018-19,ATL03_20181214081227_11710112_006_02.h5,ANT_1000_East_B-C.geojson,2172736.421,56318978
B-C,2018-19,ATL03_20181217082949_12170112_006_02.h5,ANT_1000_East_B-C.geojson,1325485.138,21366753
B-C,2018-19,ATL03_20181217191627_12240110_006_02.h5,ANT_1000_East_B-C.geojson,3083545.878,6507963
B-C,2018-19,ATL03_20181218080410_12320112_006_02.h5,ANT_1000_East_B-C.geojson,2287476.122,56818268
B-C,2018-19,ATL03_20181221082130_12780112_006_02.h5,ANT_1000_East_B-C.geojson,1016002.98,19457012
B-C,2018-19,ATL03_20181221190808_12850110_006_02.h5,ANT_1000_East_B-C.geojson,2921550.262,24601783
B-C,2018-19,ATL03_20181225081310_13390112_006_02.h5,ANT_1000_East_B-C.geojson,608240.114,13229898
B-C,2018-19,ATL03_20181225185948_13460110_006_02.h5,ANT_1000_East_B-C.geojson,3411042.155,24967237
B-C,2018-19,ATL03_20181226074730_13540112_006_02.h5,ANT_1000_East_B-C.geojson,3020926.938,57279738
B-C,2018-19,ATL03_20181229185130_00200210_006_02.h5,ANT_1000_East_B-C.geojson,3766381.537,33639753
B-C,2018-19,ATL03_20181230073914_00280212_006_02.h5,ANT_1000_East_B-C.geojson,3051019.082,58414856
B-C,2018-19,ATL03_20181231071335_00430212_006_02.h5,ANT_1000_East_B-C.geojson,231578.167,12302811
B-C,2018-19,ATL03_20190102184312_00810210_006_02.h5,ANT_1000_East_B-C.geojson,3753541.453,31711473
B-C,2018-19,ATL03_20190103073055_00890212_006_02.h5,ANT_1000_East_B-C.geojson,2226544.899,44652791
B-C,2018-19,ATL03_20190104070516_01040212_006_02.h5,ANT_1000_East_B-C.geojson,1020451.057,52776406
B-C,2018-19,ATL03_20190106183451_01420210_006_02.h5,ANT_1000_East_B-C.geojson,3683893.205,18079715
B-C,2018-19,ATL03_20190107072235_01500212_006_02.h5,ANT_1000_East_B-C.geojson,2476619.406,51583071
B-C,2018-19,ATL03_20190107180912_01570210_006_02.h5,ANT_1000_East_B-C.geojson,1689758.393,13669696
B-C,2018-19,ATL03_20190108065655_01650212_006_02.h5,ANT_1000_East_B-C.geojson,1632836.555,70191192
B-C,2018-19,ATL03_20190110182629_02030210_006_02.h5,ANT_1000_East_B-C.geojson,2815989.132,3093327
B-C,2018-19,ATL03_20190111071412_02110212_006_02.h5,ANT_1000_East_B-C.geojson,2506288.146,29278605
B-C,2018-19,ATL03_20190111180049_02180210_006_02.h5,ANT_1000_East_B-C.geojson,2418798.309,15751149
B-C,2018-19,ATL03_20190112064832_02260212_006_02.h5,ANT_1000_East_B-C.geojson,2132633.436,60980024
B-C,2018-19,ATL03_20190115070548_02720212_006_02.h5,ANT_1000_East_B-C.geojson,1384936.498,30255365
B-C,2018-19,ATL03_20190115175225_02790210_006_02.h5,ANT_1000_East_B-C.geojson,2964828.226,25990521
B-C,2018-19,ATL03_20190116064007_02870212_006_02.h5,ANT_1000_East_B-C.geojson,2265665.132,62763322
B-C,2018-19,ATL03_20190119065729_03330212_006_02.h5,ANT_1000_East_B-C.geojson,1086315.323,19912835
B-C,2018-19,ATL03_20190119174407_03400210_006_02.h5,ANT_1000_East_B-C.geojson,3070143.313,17457920
B-C,2018-19,ATL03_20190120063151_03480212_006_02.h5,ANT_1000_East_B-C.geojson,2755054.298,46569614
B-C,2018-19,ATL03_20190123064917_03940212_006_02.h5,ANT_1000_East_B-C.geojson,650914.312,8458774
B-C,2018-19,ATL03_20190123173555_04010210_006_02.h5,ANT_1000_East_B-C.geojson,2790048.793,8473626
B-C,2018-19,ATL03_20190124062339_04090212_006_02.h5,ANT_1000_East_B-C.geojson,2972874.647,47256908
B-C,2018-19,ATL03_20190127172740_04620210_006_02.h5,ANT_1000_East_B-C.geojson,3657640.077,27861412
B-C,2018-19,ATL03_20190128061524_04700212_006_02.h5,ANT_1000_East_B-C.geojson,3141429.221,57430963
B-C,2018-19,ATL03_20190131171923_05230210_006_02.h5,ANT_1000_East_B-C.geojson,3771612.32,10772792
B-C,2018-19,ATL03_20190201060707_05310212_006_02.h5,ANT_1000_East_B-C.geojson,2554067.093,31711973
B-C,2018-19,ATL03_20190202054128_05460212_006_02.h5,ANT_1000_East_B-C.geojson,829475.539,29153958
B-C,2018-19,ATL03_20190204171104_05840210_006_02.h5,ANT_1000_East_B-C.geojson,3739181.554,10238184
B-C,2018-19,ATL03_20190205055847_05920212_006_02.h5,ANT_1000_East_B-C.geojson,2300259.028,43072873
B-C,2018-19,ATL03_20190205164525_05990210_006_02.h5,ANT_1000_East_B-C.geojson,880989.256,663672
B-C,2018-19,ATL03_20190206053308_06070212_006_02.h5,ANT_1000_East_B-C.geojson,1487046.918,43046905
B-C,2018-19,ATL03_20190208170243_06450210_006_02.h5,ANT_1000_East_B-C.geojson,2932876.865,19641628
B-C,2018-19,ATL03_20190209055025_06530212_006_02.h5,ANT_1000_East_B-C.geojson,2599192.898,35590753
B-C,2018-19,ATL03_20190209163703_06600210_006_02.h5,ANT_1000_East_B-C.geojson,2155605.841,2374622
B-C,2018-19,ATL03_20190210052446_06680212_006_02.h5,ANT_1000_East_B-C.geojson,1905099.748,29782628
B-C,2018-19,ATL03_20190212165420_07060210_006_02.h5,ANT_1000_East_B-C.geojson,2361254.692,3429257
B-C,2018-19,ATL03_20190213054203_07140212_006_02.h5,ANT_1000_East_B-C.geojson,1613586.732,24377019
B-C,2018-19,ATL03_20190213162841_07210210_006_02.h5,ANT_1000_East_B-C.geojson,2825670.571,18098374
B-C,2018-19,ATL03_20190214051625_07290212_006_02.h5,ANT_1000_East_B-C.geojson,2223679.347,47701140
B-C,2018-19,ATL03_20190217053344_07750212_006_02.h5,ANT_1000_East_B-C.geojson,1163609.804,12952186
B-C,2018-19,ATL03_20190217162021_07820210_006_02.h5,ANT_1000_East_B-C.geojson,3096074.443,2053858
B-C,2018-19,ATL03_20190218050804_07900212_006_02.h5,ANT_1000_East_B-C.geojson,2615553.3,42253817
B-C,2018-19,ATL03_20190221052524_08360212_006_02.h5,ANT_1000_East_B-C.geojson,861651.493,11710519
B-C,2018-19,ATL03_20190221161201_08430210_006_02.h5,ANT_1000_East_B-C.geojson,2834942.787,21296027
B-C,2018-19,ATL03_20190222045945_08510212_006_02.h5,ANT_1000_East_B-C.geojson,2901349.659,46689080
B-C,2018-19,ATL03_20190225160343_09040210_006_02.h5,ANT_1000_East_B-C.geojson,3500232.161,12286864
B-C,2018-19,ATL03_20190226045126_09120212_006_02.h5,ANT_1000_East_B-C.geojson,3113046.372,27046365
B-C,2018-19,ATL03_20190301155524_09650210_006_02.h5,ANT_1000_East_B-C.geojson,3776135.769,10725192
B-C,2018-19,ATL03_20190302044307_09730212_006_02.h5,ANT_1000_East_B-C.geojson,2854883.12,27261951
B-C,2018-19,ATL03_20190303041728_09880212_006_02.h5,ANT_1000_East_B-C.geojson,679292.265,11842126
B-C,2018-19,ATL03_20190305154704_10260210_006_02.h5,ANT_1000_East_B-C.geojson,3769231.78,4614030
B-C,2018-19,ATL03_20190306043447_10340212_006_02.h5,ANT_1000_East_B-C.geojson,2220571.217,19286183
B-C,2018-19,ATL03_20190306152125_10410210_006_02.h5,ANT_1000_East_B-C.geojson,251512.084,3661
B-C,2018-19,ATL03_20190307040908_10490212_006_02.h5,ANT_1000_East_B-C.geojson,1268917.775,19584703
B-C,2018-19,ATL03_20190309153844_10870210_006_02.h5,ANT_1000_East_B-C.geojson,3463873.122,18341494
B-C,2018-19,ATL03_20190310042627_10950212_006_02.h5,ANT_1000_East_B-C.geojson,2647799.643,23806212
B-C,2018-19,ATL03_20190310151304_11020210_006_02.h5,ANT_1000_East_B-C.geojson,1691345.617,10954312
B-C,2018-19,ATL03_20190311040047_11100212_006_02.h5,ANT_1000_East_B-C.geojson,1785367.394,19076631
B-C,2018-19,ATL03_20190313153023_11480210_006_02.h5,ANT_1000_East_B-C.geojson,2645348.814,8404898
B-C,2018-19,ATL03_20190314041806_11560212_006_02.h5,ANT_1000_East_B-C.geojson,1814647.624,11586635
B-C,2018-19,ATL03_20190314150444_11630210_006_02.h5,ANT_1000_East_B-C.geojson,2626059.816,10196081
B-C,2018-19,ATL03_20190315035227_11710212_006_02.h5,ANT_1000_East_B-C.geojson,2174214.006,16166742
B-C,2018-19,ATL03_20190318040947_12170212_006_02.h5,ANT_1000_East_B-C.geojson,1203708.394,5321796
B-C,2018-19,ATL03_20190318145624_12240210_006_02.h5,ANT_1000_East_B-C.geojson,3055161.699,11861615
B-C,2018-19,ATL03_20190319034407_12320212_006_02.h5,ANT_1000_East_B-C.geojson,2381738.96,22347496
B-C,2018-19,ATL03_20190322040126_12780212_006_02.h5,ANT_1000_East_B-C.geojson,959005.67,7658012
B-C,2018-19,ATL03_20190322144803_12850210_006_02.h5,ANT_1000_East_B-C.geojson,3011208.063,23651039
B-C,2018-19,ATL03_20190323033547_12930212_006_02.h5,ANT_1000_East_B-C.geojson,2849106.398,13183276
B-C,2018-19,ATL03_20190326035305_13390212_006_02.h5,ANT_1000_East_B-C.geojson,539596.06,1709135
B-C,2018-19,ATL03_20190326143942_13460210_006_02.h5,ANT_1000_East_B-C.geojson,3400401.988,13131782
B-C,2018-19,ATL03_20190327032725_13540212_006_02.h5,ANT_1000_East_B-C.geojson,3055953.636,20691389
B-C,2018-19,ATL03_20190330143122_00200310_006_02.h5,ANT_1000_East_B-C.geojson,3764760.166,27859543
B-C,2018-19,ATL03_20190331031906_00280312_006_02.h5,ANT_1000_East_B-C.geojson,3049640.225,26304545
CW,2019,ATL03_20190503084011_05360303_006_02.h5,GRE_2000_CW.geojson,809235.357,6555275
CW,2019,ATL03_20190503212504_05440305_006_02.h5,GRE_2000_CW.geojson,1221696.755,11737470
CW,2019,ATL03_20190507083151_05970303_006_02.h5,GRE_2000_CW.geojson,1452453.375,11571592
CW,2019,ATL03_20190507211645_06050305_006_02.h5,GRE_2000_CW.geojson,1617535.402,14437181
CW,2019,ATL03_20190511082331_06580303_006_02.h5,GRE_2000_CW.geojson,2009985.349,4978224
CW,2019,ATL03_20190511210825_06660305_006_02.h5,GRE_2000_CW.geojson,1896086.246,21674523
CW,2019,ATL03_20190515081511_07190303_006_02.h5,GRE_2000_CW.geojson,2560885.743,19060356
CW,2019,ATL03_20190515210004_07270305_006_02.h5,GRE_2000_CW.geojson,2176588.849,43017694
CW,2019,ATL03_20190519080649_07800303_006_02.h5,GRE_2000_CW.geojson,2601193.933,29263138
CW,2019,ATL03_20190519205142_07880305_006_02.h5,GRE_2000_CW.geojson,2494580.982,38156468
CW,2019,ATL03_20190523075828_08410303_006_02.h5,GRE_2000_CW.geojson,2505431.441,40242782
CW,2019,ATL03_20190523204321_08490305_006_02.h5,GRE_2000_CW.geojson,881721.988,26540476
CW,2019,ATL03_20190527075008_09020303_006_02.h5,GRE_2000_CW.geojson,108674.777,1488410
CW,2019,ATL03_20190527203501_09100305_006_02.h5,GRE_2000_CW.geojson,563855.558,23458922
CW,2019,ATL03_20190528200922_09250305_006_02.h5,GRE_2000_CW.geojson,792295.217,8708647
CW,2019,ATL03_20190601071608_09780303_006_02.h5,GRE_2000_CW.geojson,284718.941,779645
CW,2019,ATL03_20190601200102_09860305_006_02.h5,GRE_2000_CW.geojson,1136107.559,13248972
CW,2019,ATL03_20190605070748_10390303_006_02.h5,GRE_2000_CW.geojson,1154555.895,10493019
CW,2019,ATL03_20190605195242_10470305_006_02.h5,GRE_2000_CW.geojson,1491012.094,18334090
CW,2019,ATL03_20190609065929_11000303_006_02.h5,GRE_2000_CW.geojson,1879461.118,7010056
CW,2019,ATL03_20190609194422_11080305_006_02.h5,GRE_2000_CW.geojson,1799468.08,16235897
CW,2019,ATL03_20190613065109_11610303_006_02.h5,GRE_2000_CW.geojson,2522378.973,19177677
CW,2019,ATL03_20190613193602_11690305_006_02.h5,GRE_2000_CW.geojson,2053472.075,44277300
CW,2019,ATL03_20190617064249_12220303_006_02.h5,GRE_2000_CW.geojson,2590895.131,19416543
CW,2019,ATL03_20190617192743_12300305_006_02.h5,GRE_2000_CW.geojson,2442556.882,58198970
CW,2019,ATL03_20190621063429_12830303_006_02.h5,GRE_2000_CW.geojson,2547525.245,26988590
CW,2019,ATL03_20190621191922_12910305_006_02.h5,GRE_2000_CW.geojson,1054217.761,34359636
CW,2019,ATL03_20190625062608_13440303_006_02.h5,GRE_2000_CW.geojson,2315580.921,4752339
CW,2019,ATL03_20190625191102_13520305_006_02.h5,GRE_2000_CW.geojson,655075.658,35583864
CW,2019,ATL03_20190712052659_02160403_006_02.h5,GRE_2000_CW.geojson,2189204.981,16181144
CW,2019,ATL03_20190712181153_02240405_006_02.h5,GRE_2000_CW.geojson,1963986.65,20486222
CW,2019,ATL03_20190716051841_02770403_006_02.h5,GRE_2000_CW.geojson,2573679.201,15955927
CW,2019,ATL03_20190716180335_02850405_006_02.h5,GRE_2000_CW.geojson,2266704.708,39758096
CW,2019,ATL03_20190720051023_03380403_006_02.h5,GRE_2000_CW.geojson,2602499.053,8220577
CW,2019,ATL03_20190720175517_03460405_006_02.h5,GRE_2000_CW.geojson,2523769.283,14738259
CW,2019,ATL03_20190724050206_03990403_006_02.h5,GRE_2000_CW.geojson,2505441.339,4948133
CW,2019,ATL03_20190724174700_04070405_006_02.h5,GRE_2000_CW.geojson,807614.078,5125291
CW,2019,ATL03_20190725172121_04220405_006_02.h5,GRE_2000_CW.geojson,379283.23,3498052
CW,2019,ATL03_20190728173843_04680405_006_02.h5,GRE_2000_CW.geojson,271537.385,11135372
CW,2019,ATL03_20190729171304_04830405_006_02.h5,GRE_2000_CW.geojson,895155.899,9143331
CW,2019,ATL03_20190802041952_05360403_006_02.h5,GRE_2000_CW.geojson,809217.162,5334647
CW,2019,ATL03_20190802170446_05440405_006_02.h5,GRE_2000_CW.geojson,1221536.992,14106139
CW,2019,ATL03_20190806041133_05970403_006_02.h5,GRE_2000_CW.geojson,1452463.192,6988588
CW,2019,ATL03_20190806165626_06050405_006_02.h5,GRE_2000_CW.geojson,1617035.969,12572023
CW,2019,ATL03_20190810040312_06580403_006_02.h5,GRE_2000_CW.geojson,2009989.306,13221667
CW,2019,ATL03_20190810164806_06660405_006_02.h5,GRE_2000_CW.geojson,1896071.135,23228424
CW,2019,ATL03_20190814035453_07190403_006_02.h5,GRE_2000_CW.geojson,2560920.276,13987083
CW,2019,ATL03_20190814163946_07270405_006_02.h5,GRE_2000_CW.geojson,2176454.195,55211150
CW,2019,ATL03_20190818034635_07800403_006_02.h5,GRE_2000_CW.geojson,2601181.327,12632889
CW,2019,ATL03_20190818163128_07880405_006_02.h5,GRE_2000_CW.geojson,2494561.662,44703675
CW,2019,ATL03_20190822162310_08490405_006_02.h5,GRE_2000_CW.geojson,881679.36,38548964
CW,2019,ATL03_20190826032957_09020403_006_02.h5,GRE_2000_CW.geojson,108669.422,483062
CW,2019,ATL03_20190826161450_09100405_006_02.h5,GRE_2000_CW.geojson,564006.309,23724271
CW,2019,ATL03_20190827154911_09250405_006_02.h5,GRE_2000_CW.geojson,792285.656,9017673
CW,2019,ATL03_20190831025558_09780403_006_02.h5,GRE_2000_CW.geojson,284715.515,1102059
CW,2019,ATL03_20190831154051_09860405_006_02.h5,GRE_2000_CW.geojson,1136019.962,10166595
CW,2019,ATL03_20190904024737_10390403_006_02.h5,GRE_2000_CW.geojson,1151822.204,3919037
CW,2019,ATL03_20190904153231_10470405_006_02.h5,GRE_2000_CW.geojson,1488537.941,10886391
CW,2019,ATL03_20190908152412_11080405_006_02.h5,GRE_2000_CW.geojson,1799112.067,18305528
CW,2019,ATL03_20190912023059_11610403_006_02.h5,GRE_2000_CW.geojson,2521586.136,9256546
CW,2019,ATL03_20190912151552_11690405_006_02.h5,GRE_2000_CW.geojson,2053442.781,36218079
CW,2019,ATL03_20190916022239_12220403_006_02.h5,GRE_2000_CW.geojson,2590174.892,7789019
CW,2019,ATL03_20190916150733_12300405_006_02.h5,GRE_2000_CW.geojson,2442493.013,44889462
CW,2019,ATL03_20190920021420_12830403_006_02.h5,GRE_2000_CW.geojson,2547513.446,15562377
CW,2019,ATL03_20190920145914_12910405_006_02.h5,GRE_2000_CW.geojson,1079190.349,25178647
CW,2019,ATL03_20190924145056_13520405_006_02.h5,GRE_2000_CW.geojson,655172.338,21975401
CW,2019,ATL03_20190925142517_13670405_006_02.h5,GRE_2000_CW.geojson,658068.417,7821038
CW,2019,ATL03_20190928144236_00260505_006_02.h5,GRE_2000_CW.geojson,78571.976,3179419
CW,2019,ATL03_20190929141656_00410505_006_02.h5,GRE_2000_CW.geojson,1036053.739,8413021
CW,2020,ATL03_20200501040411_05440705_006_01.h5,GRE_2000_CW.geojson,1221472.434,6533966
CW,2020,ATL03_20200504151059_05970703_006_01.h5,GRE_2000_CW.geojson,1452429.256,13427570
CW,2020,ATL03_20200505035553_06050705_006_01.h5,GRE_2000_CW.geojson,542749.545,1261452
CW,2020,ATL03_20200508150240_06580703_006_01.h5,GRE_2000_CW.geojson,2009996.472,33501802
CW,2020,ATL03_20200509034734_06660705_006_01.h5,GRE_2000_CW.geojson,1896204.227,4377111
CW,2020,ATL03_20200512145421_07190703_006_01.h5,GRE_2000_CW.geojson,2560919.527,52746954
CW,2020,ATL03_20200513033914_07270705_006_01.h5,GRE_2000_CW.geojson,1809903.419,11453505
CW,2020,ATL03_20200517033055_07880705_006_01.h5,GRE_2000_CW.geojson,2494557.024,11508996
CW,2020,ATL03_20200520143742_08410703_006_01.h5,GRE_2000_CW.geojson,2505380.943,85798543
CW,2020,ATL03_20200521032236_08490705_006_01.h5,GRE_2000_CW.geojson,881680.752,8317965
CW,2020,ATL03_20200524142922_09020703_006_01.h5,GRE_2000_CW.geojson,108674.356,5660807
CW,2020,ATL03_20200525031415_09100705_006_01.h5,GRE_2000_CW.geojson,564069.303,3422301
CW,2020,ATL03_20200526024835_09250705_006_01.h5,GRE_2000_CW.geojson,532408.282,1504555
CW,2020,ATL03_20200529135522_09780703_006_01.h5,GRE_2000_CW.geojson,284858.089,1580805
CW,2020,ATL03_20200530024016_09860705_006_01.h5,GRE_2000_CW.geojson,1136039.756,6222257
CW,2020,ATL03_20200602134702_10390703_006_01.h5,GRE_2000_CW.geojson,1154403.161,11740147
CW,2020,ATL03_20200606133842_11000703_006_01.h5,GRE_2000_CW.geojson,1561933.776,21035188
CW,2020,ATL03_20200607022335_11080705_006_01.h5,GRE_2000_CW.geojson,1799177.388,1603711
CW,2020,ATL03_20200610133021_11610703_006_01.h5,GRE_2000_CW.geojson,2522375.09,40386318
CW,2020,ATL03_20200611021514_11690705_006_01.h5,GRE_2000_CW.geojson,2053400.751,4286380
CW,2020,ATL03_20200614132201_12220703_006_01.h5,GRE_2000_CW.geojson,2591265.889,66351510
CW,2020,ATL03_20200615020654_12300705_006_01.h5,GRE_2000_CW.geojson,2442498.597,8097446
CW,2020,ATL03_20200618131341_12830703_006_01.h5,GRE_2000_CW.geojson,2547576.831,139812913
CW,2020,ATL03_20200619015835_12910705_006_01.h5,GRE_2000_CW.geojson,1079202.293,11852630
CW,2020,ATL03_20200622130522_13440703_006_01.h5,GRE_2000_CW.geojson,2014679.613,16535875
CW,2020,ATL03_20200623015015_13520705_006_01.h5,GRE_2000_CW.geojson,655210.408,9344923
CW,2020,ATL03_20200627014155_00260805_006_01.h5,GRE_2000_CW.geojson,78510.546,1113416
CW,2020,ATL03_20200628011616_00410805_006_01.h5,GRE_2000_CW.geojson,1036046.81,8054267
CW,2020,ATL03_20200701122303_00940803_006_01.h5,GRE_2000_CW.geojson,1044676.463,15546607
CW,2020,ATL03_20200702010756_01020805_006_01.h5,GRE_2000_CW.geojson,1329077.552,11163575
CW,2020,ATL03_20200705121441_01550803_006_01.h5,GRE_2000_CW.geojson,1660186.797,15654004
CW,2020,ATL03_20200706005932_01630805_006_01.h5,GRE_2000_CW.geojson,1698111.61,10517130
CW,2020,ATL03_20200709120621_02160803_006_01.h5,GRE_2000_CW.geojson,2346992.928,25838915
CW,2020,ATL03_20200710005115_02240805_006_01.h5,GRE_2000_CW.geojson,1992900.139,4187623
CW,2020,ATL03_20200713115804_02770803_006_01.h5,GRE_2000_CW.geojson,2574165.084,43719235
CW,2020,ATL03_20200714004257_02850805_006_01.h5,GRE_2000_CW.geojson,2347834.635,8817084
CW,2020,ATL03_20200717114945_03380803_006_01.h5,GRE_2000_CW.geojson,2594068.375,100586040
CW,2020,ATL03_20200718003439_03460805_006_01.h5,GRE_2000_CW.geojson,2535627.861,15785107
CW,2020,ATL03_20200721114126_03990803_006_01.h5,GRE_2000_CW.geojson,2489314.55,29024317
CW,2020,ATL03_20200722002619_04070805_006_01.h5,GRE_2000_CW.geojson,740495.852,10137664
CW,2020,ATL03_20200723000040_04220805_006_01.h5,GRE_2000_CW.geojson,469377.137,2557088
CW,2020,ATL03_20200725113304_04600803_006_01.h5,GRE_2000_CW.geojson,51731.029,2390640
CW,2020,ATL03_20200726001759_04680805_006_01.h5,GRE_2000_CW.geojson,271560.588,2272887
CW,2020,ATL03_20200730105906_05360803_006_01.h5,GRE_2000_CW.geojson,809308.838,6645915
CW,2020,ATL03_20200730234400_05440805_006_01.h5,GRE_2000_CW.geojson,1221550.645,3179270
CW,2020,ATL03_20200803105046_05970803_006_01.h5,GRE_2000_CW.geojson,1452386.392,11332521
CW,2020,ATL03_20200803233539_06050805_006_01.h5,GRE_2000_CW.geojson,1617525.868,2596085
CW,2020,ATL03_20200807104225_06580803_006_01.h5,GRE_2000_CW.geojson,2010027.779,11036898
CW,2020,ATL03_20200807232719_06660805_006_01.h5,GRE_2000_CW.geojson,1896079.493,3685005
CW,2020,ATL03_20200811103406_07190803_006_01.h5,GRE_2000_CW.geojson,2560932.619,25836877
CW,2020,ATL03_20200811231859_07270805_006_01.h5,GRE_2000_CW.geojson,2176368.625,21568687
CW,2020,ATL03_20200815102547_07800803_006_01.h5,GRE_2000_CW.geojson,2601160.912,44784577
CW,2020,ATL03_20200815231040_07880805_006_01.h5,GRE_2000_CW.geojson,2494578.539,15234709
CW,2020,ATL03_20200819101727_08410803_006_01.h5,GRE_2000_CW.geojson,2504974.806,35042576
CW,2020,ATL03_20200819230220_08490805_006_01.h5,GRE_2000_CW.geojson,881688.755,10269735
CW,2020,ATL03_20200823100907_09020803_006_01.h5,GRE_2000_CW.geojson,108676.544,2001759
CW,2020,ATL03_20200823225401_09100805_006_01.h5,GRE_2000_CW.geojson,564265.447,5340661
CW,2020,ATL03_20200824222822_09250805_006_01.h5,GRE_2000_CW.geojson,792290.416,6058876
CW,2020,ATL03_20200828093509_09780803_006_01.h5,GRE_2000_CW.geojson,284426.048,1337203
CW,2020,ATL03_20200828222002_09860805_006_01.h5,GRE_2000_CW.geojson,1136121.726,6398738
CW,2020,ATL03_20200901092648_10390803_006_02.h5,GRE_2000_CW.geojson,1154570.639,2208594
CW,2020,ATL03_20200901221141_10470805_006_02.h5,GRE_2000_CW.geojson,1491007.404,6722483
CW,2020,ATL03_20200905091828_11000803_006_02.h5,GRE_2000_CW.geojson,1879464.107,3813476
CW,2020,ATL03_20200909091009_11610803_006_02.h5,GRE_2000_CW.geojson,2522379.765,18614226
CW,2020,ATL03_20200909215502_11690805_006_02.h5,GRE_2000_CW.geojson,2053406.469,9536735
CW,2020,ATL03_20200913090149_12220803_006_02.h5,GRE_2000_CW.geojson,2590929.528,18366943
CW,2020,ATL03_20200913214643_12300805_006_02.h5,GRE_2000_CW.geojson,2442452.127,14981028
CW,2020,ATL03_20200917085329_12830803_006_02.h5,GRE_2000_CW.geojson,2547442.211,5760072
CW,2020,ATL03_20200917213822_12910805_006_02.h5,GRE_2000_CW.geojson,1079182.16,1875738
CW,2020,ATL03_20200921213003_13520805_006_02.h5,GRE_2000_CW.geojson,655168.826,3293936
CW,2020,ATL03_20200926205605_00410905_006_02.h5,GRE_2000_CW.geojson,1036849.154,2341481
CW,2020,ATL03_20200930080248_00940903_006_02.h5,GRE_2000_CW.geojson,1044088.732,1943033
CW,2020,ATL03_20200930204740_01020905_006_02.h5,GRE_2000_CW.geojson,1329093.212,10127927
B-C,2020-21,ATL03_20201101104925_05840910_006_01.h5,ANT_1000_East_B-C.geojson,3735319.836,54052672
B-C,2020-21,ATL03_20201101233708_05920912_006_01.h5,ANT_1000_East_B-C.geojson,2299043.577,9599956
B-C,2020-21,ATL03_20201102102345_05990910_006_01.h5,ANT_1000_East_B-C.geojson,984601.989,20160144
B-C,2020-21,ATL03_20201102231128_06070912_006_01.h5,ANT_1000_East_B-C.geojson,1488738.918,7295427
B-C,2020-21,ATL03_20201105104103_06450910_006_01.h5,ANT_1000_East_B-C.geojson,2927693.014,35578936
B-C,2020-21,ATL03_20201105232846_06530912_006_01.h5,ANT_1000_East_B-C.geojson,2598932.055,24399614
B-C,2020-21,ATL03_20201106101524_06600910_006_01.h5,ANT_1000_East_B-C.geojson,2176495.505,67988390
B-C,2020-21,ATL03_20201106230307_06680912_006_01.h5,ANT_1000_East_B-C.geojson,1906398.76,17964438
B-C,2020-21,ATL03_20201109103244_07060910_006_01.h5,ANT_1000_East_B-C.geojson,1272005.595,4256539
B-C,2020-21,ATL03_20201109232027_07140912_006_01.h5,ANT_1000_East_B-C.geojson,1586525.957,5902777
B-C,2020-21,ATL03_20201110100705_07210910_006_01.h5,ANT_1000_East_B-C.geojson,2835916.213,53886188
B-C,2020-21,ATL03_20201110225448_07290912_006_01.h5,ANT_1000_East_B-C.geojson,2224854.326,8573680
B-C,2020-21,ATL03_20201113231209_07750912_006_01.h5,ANT_1000_East_B-C.geojson,1163367.169,8314742
B-C,2020-21,ATL03_20201114095846_07820910_006_01.h5,ANT_1000_East_B-C.geojson,3081028.494,67505719
B-C,2020-21,ATL03_20201114224630_07900912_006_01.h5,ANT_1000_East_B-C.geojson,2617178.381,25371240
B-C,2020-21,ATL03_20201117230350_08360912_006_01.h5,ANT_1000_East_B-C.geojson,837865.808,7489387
B-C,2020-21,ATL03_20201118095027_08430910_006_01.h5,ANT_1000_East_B-C.geojson,2833637.786,52666398
B-C,2020-21,ATL03_20201118223810_08510912_006_01.h5,ANT_1000_East_B-C.geojson,2901394.892,15893266
B-C,2020-21,ATL03_20201122094209_09040910_006_01.h5,ANT_1000_East_B-C.geojson,3517803.894,73272668
B-C,2020-21,ATL03_20201122222952_09120912_006_01.h5,ANT_1000_East_B-C.geojson,3113410.864,29270467
B-C,2020-21,ATL03_20201126093349_09650910_006_01.h5,ANT_1000_East_B-C.geojson,3779691.868,65252799
B-C,2020-21,ATL03_20201126222132_09730912_006_01.h5,ANT_1000_East_B-C.geojson,2882957.755,6927139
B-C,2020-21,ATL03_20201127215552_09880912_006_01.h5,ANT_1000_East_B-C.geojson,583807.693,2399894
B-C,2020-21,ATL03_20201130092528_10260910_006_01.h5,ANT_1000_East_B-C.geojson,3764959.774,94985174
B-C,2020-21,ATL03_20201130221311_10340912_006_01.h5,ANT_1000_East_B-C.geojson,2242606.425,11975466
B-C,2020-21,ATL03_20201201085949_10410910_006_01.h5,ANT_1000_East_B-C.geojson,389758.893,9850676
B-C,2020-21,ATL03_20201201214732_10490912_006_01.h5,ANT_1000_East_B-C.geojson,1240882.763,6093671
B-C,2020-21,ATL03_20201204091709_10870910_006_01.h5,ANT_1000_East_B-C.geojson,3311059.342,74344557
B-C,2020-21,ATL03_20201204220452_10950912_006_01.h5,ANT_1000_East_B-C.geojson,2654996.773,30643196
B-C,2020-21,ATL03_20201205085129_11020910_006_01.h5,ANT_1000_East_B-C.geojson,2058795.201,80721494
B-C,2020-21,ATL03_20201205213913_11100912_006_01.h5,ANT_1000_East_B-C.geojson,1777280.917,21988169
B-C,2020-21,ATL03_20201208090849_11480910_006_01.h5,ANT_1000_East_B-C.geojson,2596738.742,29190303
B-C,2020-21,ATL03_20201208215632_11560912_006_01.h5,ANT_1000_East_B-C.geojson,1811977.584,18959887
B-C,2020-21,ATL03_20201209084310_11630910_006_01.h5,ANT_1000_East_B-C.geojson,2687638.276,85889130
B-C,2020-21,ATL03_20201209213053_11710912_006_01.h5,ANT_1000_East_B-C.geojson,2168644.108,15457603
B-C,2020-21,ATL03_20201212214815_12170912_006_01.h5,ANT_1000_East_B-C.geojson,1267436.997,12312519
B-C,2020-21,ATL03_20201213083450_12240910_006_01.h5,ANT_1000_East_B-C.geojson,3068208.61,63849863
B-C,2020-21,ATL03_20201213212234_12320912_006_01.h5,ANT_1000_East_B-C.geojson,2329258.774,19700522
B-C,2020-21,ATL03_20201216213955_12780912_006_01.h5,ANT_1000_East_B-C.geojson,978047.896,9764929
B-C,2020-21,ATL03_20201217082632_12850910_006_01.h5,ANT_1000_East_B-C.geojson,2944523.773,81115762
B-C,2020-21,ATL03_20201217211415_12930912_006_01.h5,ANT_1000_East_B-C.geojson,2848138.401,27197901
B-C,2020-21,ATL03_20201220213135_13390912_006_01.h5,ANT_1000_East_B-C.geojson,541855.078,3276063
B-C,2020-21,ATL03_20201221081813_13460910_006_01.h5,ANT_1000_East_B-C.geojson,3401348.807,56385148
B-C,2020-21,ATL03_20201225080953_00201010_006_01.h5,ANT_1000_East_B-C.geojson,3764785.592,105545862
B-C,2020-21,ATL03_20201225205736_00281012_006_01.h5,ANT_1000_East_B-C.geojson,3049598.204,23153009
B-C,2020-21,ATL03_20201226203157_00431012_006_01.h5,ANT_1000_East_B-C.geojson,236037.725,1394273
B-C,2020-21,ATL03_20201229080133_00811010_006_01.h5,ANT_1000_East_B-C.geojson,3767038.663,96693032
B-C,2020-21,ATL03_20201229204916_00891012_006_01.h5,ANT_1000_East_B-C.geojson,2225313.298,19179759
B-C,2020-21,ATL03_20201230202338_01041012_006_01.h5,ANT_1000_East_B-C.geojson,1021908.514,10592748
B-C,2020-21,ATL03_20210102075314_01421010_006_01.h5,ANT_1000_East_B-C.geojson,3640193.548,75151302
B-C,2020-21,ATL03_20210102204058_01501012_006_01.h5,ANT_1000_East_B-C.geojson,2475723.993,11984953
B-C,2020-21,ATL03_20210103072735_01571010_006_01.h5,ANT_1000_East_B-C.geojson,1725743.291,68066752
B-C,2020-21,ATL03_20210103201518_01651012_006_01.h5,ANT_1000_East_B-C.geojson,1633837.468,15681946
B-C,2020-21,ATL03_20210106074454_02031010_006_01.h5,ANT_1000_East_B-C.geojson,2790487.133,42453539
B-C,2020-21,ATL03_20210106203237_02111012_006_01.h5,ANT_1000_East_B-C.geojson,2505775.286,14398176
B-C,2020-21,ATL03_20210107071914_02181010_006_01.h5,ANT_1000_East_B-C.geojson,2452066.921,93609068
B-C,2020-21,ATL03_20210107200658_02261012_006_01.h5,ANT_1000_East_B-C.geojson,2133634.988,17607749
B-C,2020-21,ATL03_20210110202420_02721012_006_01.h5,ANT_1000_East_B-C.geojson,1384485.229,12388028
B-C,2020-21,ATL03_20210111071058_02791010_006_01.h5,ANT_1000_East_B-C.geojson,2976293.223,95126571
B-C,2020-21,ATL03_20210111195841_02871012_006_01.h5,ANT_1000_East_B-C.geojson,2264952.288,17237838
B-C,2020-21,ATL03_20210114201558_03331012_006_01.h5,ANT_1000_East_B-C.geojson,1085308.072,6455283
B-C,2020-21,ATL03_20210115070236_03401010_006_01.h5,ANT_1000_East_B-C.geojson,3067500.621,59225894
B-C,2020-21,ATL03_20210115195020_03481012_006_01.h5,ANT_1000_East_B-C.geojson,2756807.475,7770906
B-C,2020-21,ATL03_20210118200736_03941012_006_01.h5,ANT_1000_East_B-C.geojson,650640.906,4341245
B-C,2020-21,ATL03_20210119065414_04011010_006_01.h5,ANT_1000_East_B-C.geojson,2775653.698,64479893
B-C,2020-21,ATL03_20210119194158_04091012_006_01.h5,ANT_1000_East_B-C.geojson,2973127.626,22563813
B-C,2020-21,ATL03_20210123064559_04621010_006_01.h5,ANT_1000_East_B-C.geojson,3684150.636,75081517
B-C,2020-21,ATL03_20210123193342_04701012_006_01.h5,ANT_1000_East_B-C.geojson,3141376.298,4855595
B-C,2020-21,ATL03_20210127063739_05231010_006_01.h5,ANT_1000_East_B-C.geojson,3770444.884,78133964
B-C,2020-21,ATL03_20210127192522_05311012_006_01.h5,ANT_1000_East_B-C.geojson,2551644.661,17993644
B-C,2020-21,ATL03_20210128185944_05461012_006_01.h5,ANT_1000_East_B-C.geojson,833206.517,2112511
B-C,2020-21,ATL03_20210131062919_05841010_006_01.h5,ANT_1000_East_B-C.geojson,3735006.748,84063146
B-C,2020-21,ATL03_20210131191702_05921012_006_01.h5,ANT_1000_East_B-C.geojson,2299027.317,14102852
B-C,2020-21,ATL03_20210201060339_05991010_006_01.h5,ANT_1000_East_B-C.geojson,984453.247,28698586
B-C,2020-21,ATL03_20210204062059_06451010_006_01.h5,ANT_1000_East_B-C.geojson,2927674.488,49549100
B-C,2020-21,ATL03_20210204190842_06531012_006_01.h5,ANT_1000_East_B-C.geojson,2598680.261,6638094
B-C,2020-21,ATL03_20210205055521_06601010_006_01.h5,ANT_1000_East_B-C.geojson,2176240.866,62204114
B-C,2020-21,ATL03_20210205184304_06681012_006_01.h5,ANT_1000_East_B-C.geojson,302413.381,1645316
B-C,2020-21,ATL03_20210208061240_07061010_006_01.h5,ANT_1000_East_B-C.geojson,1684751.922,9837121
B-C,2020-21,ATL03_20210208190023_07141012_006_01.h5,ANT_1000_East_B-C.geojson,1586754.953,11191374
B-C,2020-21,ATL03_20210209054700_07211010_006_01.h5,ANT_1000_East_B-C.geojson,2836044.464,57235025
B-C,2020-21,ATL03_20210209183444_07291012_006_01.h5,ANT_1000_East_B-C.geojson,2224848.067,15844273
B-C,2020-21,ATL03_20210212185204_07751012_006_01.h5,ANT_1000_East_B-C.geojson,1163300.918,3828855
B-C,2020-21,ATL03_20210213053841_07821010_006_01.h5,ANT_1000_East_B-C.geojson,3081143.952,60621387
B-C,2020-21,ATL03_20210213182624_07901012_006_01.h5,ANT_1000_East_B-C.geojson,2617095.758,12787651
B-C,2020-21,ATL03_20210216184343_08361012_006_01.h5,ANT_1000_East_B-C.geojson,837809.739,5642053
B-C,2020-21,ATL03_20210217053020_08431010_006_01.h5,ANT_1000_East_B-C.geojson,2833604.303,56269991
B-C,2020-21,ATL03_20210217181804_08511012_006_01.h5,ANT_1000_East_B-C.geojson,2901394.766,19533362
B-C,2020-21,ATL03_20210221052202_09041010_006_01.h5,ANT_1000_East_B-C.geojson,3517853.836,58376459
B-C,2020-21,ATL03_20210221180945_09121012_006_01.h5,ANT_1000_East_B-C.geojson,3114274.24,20744217
B-C,2020-21,ATL03_20210225051340_09651010_006_01.h5,ANT_1000_East_B-C.geojson,3780124.639,61063066
B-C,2020-21,ATL03_20210225180123_09731012_006_01.h5,ANT_1000_East_B-C.geojson,2883008.815,11098491
B-C,2020-21,ATL03_20210226173544_09881012_006_01.h5,ANT_1000_East_B-C.geojson,461314.375,2372111
B-C,2020-21,ATL03_20210301050520_10261010_006_01.h5,ANT_1000_East_B-C.geojson,3764656.16,46351244
B-C,2020-21,ATL03_20210301175303_10341012_006_01.h5,ANT_1000_East_B-C.geojson,1120940.034,1715950
B-C,2020-21,ATL03_20210302043942_10411010_006_01.h5,ANT_1000_East_B-C.geojson,389426.972,6603100
B-C,2020-21,ATL03_20210302172725_10491012_006_01.h5,ANT_1000_East_B-C.geojson,1012600.196,3144101
B-C,2020-21,ATL03_20210305045702_10871010_006_01.h5,ANT_1000_East_B-C.geojson,3311018.86,38362541
B-C,2020-21,ATL03_20210305174446_10951012_006_01.h5,ANT_1000_East_B-C.geojson,447717.525,3735917
B-C,2020-21,ATL03_20210306043124_11021010_006_01.h5,ANT_1000_East_B-C.geojson,2054616.647,33448108
B-C,2020-21,ATL03_20210306171907_11101012_006_01.h5,ANT_1000_East_B-C.geojson,1483922.105,4111572
B-C,2020-21,ATL03_20210309044842_11481010_006_01.h5,ANT_1000_East_B-C.geojson,2602900.906,12463903
B-C,2020-21,ATL03_20210309173625_11561012_006_01.h5,ANT_1000_East_B-C.geojson,1810873.467,4693460
B-C,2020-21,ATL03_20210310042303_11631010_006_01.h5,ANT_1000_East_B-C.geojson,2687658.788,28804453
B-C,2020-21,ATL03_20210313172806_12171012_006_01.h5,ANT_1000_East_B-C.geojson,1267450.227,7275121
B-C,2020-21,ATL03_20210314041446_12241010_006_01.h5,ANT_1000_East_B-C.geojson,3068651.945,24886043
B-C,2020-21,ATL03_20210314170230_12321012_006_01.h5,ANT_1000_East_B-C.geojson,0.0,0
B-C,2020-21,ATL03_20210317171945_12781012_006_01.h5,ANT_1000_East_B-C.geojson,978043.367,6515893
B-C,2020-21,ATL03_20210318040622_12851010_006_01.h5,ANT_1000_East_B-C.geojson,2945056.162,26850859
B-C,2020-21,ATL03_20210318165405_12931012_006_01.h5,ANT_1000_East_B-C.geojson,2848114.73,20271968
B-C,2020-21,ATL03_20210321171126_13391012_006_01.h5,ANT_1000_East_B-C.geojson,541912.819,2865159
B-C,2020-21,ATL03_20210322035803_13461010_006_01.h5,ANT_1000_East_B-C.geojson,3401345.84,29964833
B-C,2020-21,ATL03_20210322164547_13541012_006_01.h5,ANT_1000_East_B-C.geojson,3053606.762,21975240
B-C,2020-21,ATL03_20210326034944_00201110_006_01.h5,ANT_1000_East_B-C.geojson,3764801.506,36360818
B-C,2020-21,ATL03_20210327161149_00431112_006_01.h5,ANT_1000_East_B-C.geojson,235899.122,1663606
B-C,2020-21,ATL03_20210330034125_00811110_006_01.h5,ANT_1000_East_B-C.geojson,3767056.213,24714478
B-C,2020-21,ATL03_20210330162908_00891112_006_01.h5,ANT_1000_East_B-C.geojson,0.0,0
